[
    { "kota": "NANGGUNG" },
    { "kota": "LEUWILIANG" },
    { "kota": "LEUWISADENG" },
    { "kota": "PAMIJAHAN" },
    { "kota": "CIBUNGBULANG" },
    { "kota": "CIAMPEA" },
    { "kota": "TENJOLAYA" },
    { "kota": "DRAMAGA" },
    { "kota": "CIOMAS" },
    { "kota": "TAMANSARI" },
    { "kota": "CIJERUK" },
    { "kota": "CIGOMBONG" },
    { "kota": "CARINGIN" },
    { "kota": "CIAWI" },
    { "kota": "CISARUA" },
    { "kota": "MEGAMENDUNG" },
    { "kota": "SUKARAJA" },
    { "kota": "BABAKAN MADANG" },
    { "kota": "SUKAMAKMUR" },
    { "kota": "CARIU" },
    { "kota": "TANJUNGSARI" },
    { "kota": "JONGGOL" },
    { "kota": "CILEUNGSI" },
    { "kota": "KELAPA NUNGGAL" },
    { "kota": "GUNUNG PUTRI" },
    { "kota": "CITEUREUP" },
    { "kota": "CIBINONG" },
    { "kota": "BOJONG GEDE" },
    { "kota": "TAJUR HALANG" },
    { "kota": "KEMANG" },
    { "kota": "RANCA BUNGUR" },
    { "kota": "PARUNG" },
    { "kota": "CISEENG" },
    { "kota": "GUNUNG SINDUR" },
    { "kota": "RUMPIN" },
    { "kota": "CIGUDEG" },
    { "kota": "SUKAJAYA" },
    { "kota": "JASINGA" },
    { "kota": "TENJO" },
    { "kota": "PARUNG PANJANG" },
    { "kota": "CIEMAS" },
    { "kota": "CIRACAP" },
    { "kota": "WALURAN" },
    { "kota": "SURADE" },
    { "kota": "CIBITUNG" },
    { "kota": "JAMPANG KULON" },
    { "kota": "CIMANGGU" },
    { "kota": "KALI BUNDER" },
    { "kota": "TEGAL BULEUD" },
    { "kota": "CIDOLOG" },
    { "kota": "SAGARANTEN" },
    { "kota": "CIDADAP" },
    { "kota": "CURUGKEMBAR" },
    { "kota": "PABUARAN" },
    { "kota": "LENGKONG" },
    { "kota": "PALABUHANRATU" },
    { "kota": "SIMPENAN" },
    { "kota": "WARUNG KIARA" },
    { "kota": "BANTARGADUNG" },
    { "kota": "JAMPANG TENGAH" },
    { "kota": "PURABAYA" },
    { "kota": "CIKEMBAR" },
    { "kota": "NYALINDUNG" },
    { "kota": "GEGER BITUNG" },
    { "kota": "SUKARAJA" },
    { "kota": "KEBONPEDES" },
    { "kota": "CIREUNGHAS" },
    { "kota": "SUKALARANG" },
    { "kota": "SUKABUMI" },
    { "kota": "KADUDAMPIT" },
    { "kota": "CISAAT" },
    { "kota": "GUNUNGGURUH" },
    { "kota": "CIBADAK" },
    { "kota": "CICANTAYAN" },
    { "kota": "CARINGIN" },
    { "kota": "NAGRAK" },
    { "kota": "CIAMBAR" },
    { "kota": "CICURUG" },
    { "kota": "CIDAHU" },
    { "kota": "PARAKAN SALAK" },
    { "kota": "PARUNG KUDA" },
    { "kota": "BOJONG GENTENG" },
    { "kota": "KALAPA NUNGGAL" },
    { "kota": "CIKIDANG" },
    { "kota": "CISOLOK" },
    { "kota": "CIKAKAK" },
    { "kota": "KABANDUNGAN" },
    { "kota": "AGRABINTA" },
    { "kota": "LELES" },
    { "kota": "SINDANGBARANG" },
    { "kota": "CIDAUN" },
    { "kota": "NARINGGUL" },
    { "kota": "CIBINONG" },
    { "kota": "CIKADU" },
    { "kota": "TANGGEUNG" },
    { "kota": "PASIRKUDA" },
    { "kota": "KADUPANDAK" },
    { "kota": "CIJATI" },
    { "kota": "TAKOKAK" },
    { "kota": "SUKANAGARA" },
    { "kota": "PAGELARAN" },
    { "kota": "CAMPAKA" },
    { "kota": "CAMPAKA MULYA" },
    { "kota": "CIBEBER" },
    { "kota": "WARUNGKONDANG" },
    { "kota": "GEKBRONG" },
    { "kota": "CILAKU" },
    { "kota": "SUKALUYU" },
    { "kota": "BOJONGPICUNG" },
    { "kota": "HAURWANGI" },
    { "kota": "CIRANJANG" },
    { "kota": "MANDE" },
    { "kota": "KARANGTENGAH" },
    { "kota": "CIANJUR" },
    { "kota": "CUGENANG" },
    { "kota": "PACET" },
    { "kota": "CIPANAS" },
    { "kota": "SUKARESMI" },
    { "kota": "CIKALONGKULON" },
    { "kota": "CIWIDEY" },
    { "kota": "RANCABALI" },
    { "kota": "PASIRJAMBU" },
    { "kota": "CIMAUNG" },
    { "kota": "PANGALENGAN" },
    { "kota": "KERTASARI" },
    { "kota": "PACET" },
    { "kota": "IBUN" },
    { "kota": "PASEH" },
    { "kota": "CIKANCUNG" },
    { "kota": "CICALENGKA" },
    { "kota": "NAGREG" },
    { "kota": "RANCAEKEK" },
    { "kota": "MAJALAYA" },
    { "kota": "SOLOKAN JERUK" },
    { "kota": "CIPARAY" },
    { "kota": "BALEENDAH" },
    { "kota": "ARJASARI" },
    { "kota": "BANJARAN" },
    { "kota": "CANGKUANG" },
    { "kota": "PAMEUNGPEUK" },
    { "kota": "KATAPANG" },
    { "kota": "SOREANG" },
    { "kota": "KUTAWARINGIN" },
    { "kota": "MARGAASIH" },
    { "kota": "MARGAHAYU" },
    { "kota": "DAYEUHKOLOT" },
    { "kota": "BOJONGSOANG" },
    { "kota": "CILEUNYI" },
    { "kota": "CILENGKRANG" },
    { "kota": "CIMENYAN" },
    { "kota": "CISEWU" },
    { "kota": "CARINGIN" },
    { "kota": "TALEGONG" },
    { "kota": "BUNGBULANG" },
    { "kota": "MEKARMUKTI" },
    { "kota": "PAMULIHAN" },
    { "kota": "PAKENJENG" },
    { "kota": "CIKELET" },
    { "kota": "PAMEUNGPEUK" },
    { "kota": "CIBALONG" },
    { "kota": "CISOMPET" },
    { "kota": "PEUNDEUY" },
    { "kota": "SINGAJAYA" },
    { "kota": "CIHURIP" },
    { "kota": "CIKAJANG" },
    { "kota": "BANJARWANGI" },
    { "kota": "CILAWU" },
    { "kota": "BAYONGBONG" },
    { "kota": "CIGEDUG" },
    { "kota": "CISURUPAN" },
    { "kota": "SUKARESMI" },
    { "kota": "SAMARANG" },
    { "kota": "PASIRWANGI" },
    { "kota": "TAROGONG KIDUL" },
    { "kota": "TAROGONG KALER" },
    { "kota": "GARUT KOTA" },
    { "kota": "KARANGPAWITAN" },
    { "kota": "WANARAJA" },
    { "kota": "SUCINARAJA" },
    { "kota": "PANGATIKAN" },
    { "kota": "SUKAWENING" },
    { "kota": "KARANGTENGAH" },
    { "kota": "BANYURESMI" },
    { "kota": "LELES" },
    { "kota": "LEUWIGOONG" },
    { "kota": "CIBATU" },
    { "kota": "KERSAMANAH" },
    { "kota": "CIBIUK" },
    { "kota": "KADUNGORA" },
    { "kota": "BLUBUR LIMBANGAN" },
    { "kota": "SELAAWI" },
    { "kota": "MALANGBONG" },
    { "kota": "CIPATUJAH" },
    { "kota": "KARANGNUNGGAL" },
    { "kota": "CIKALONG" },
    { "kota": "PANCATENGAH" },
    { "kota": "CIKATOMAS" },
    { "kota": "CIBALONG" },
    { "kota": "PARUNGPONTENG" },
    { "kota": "BANTARKALONG" },
    { "kota": "BOJONGASIH" },
    { "kota": "CULAMEGA" },
    { "kota": "BOJONGGAMBIR" },
    { "kota": "SODONGHILIR" },
    { "kota": "TARAJU" },
    { "kota": "SALAWU" },
    { "kota": "PUSPAHIANG" },
    { "kota": "TANJUNGJAYA" },
    { "kota": "SUKARAJA" },
    { "kota": "SALOPA" },
    { "kota": "JATIWARAS" },
    { "kota": "CINEAM" },
    { "kota": "KARANGJAYA" },
    { "kota": "MANONJAYA" },
    { "kota": "GUNUNGTANJUNG" },
    { "kota": "SINGAPARNA" },
    { "kota": "SUKARAME" },
    { "kota": "MANGUNREJA" },
    { "kota": "CIGALONTANG" },
    { "kota": "LEUWISARI" },
    { "kota": "SARIWANGI" },
    { "kota": "PADAKEMBANG" },
    { "kota": "SUKARATU" },
    { "kota": "CISAYONG" },
    { "kota": "SUKAHENING" },
    { "kota": "RAJAPOLAH" },
    { "kota": "JAMANIS" },
    { "kota": "CIAWI" },
    { "kota": "KADIPATEN" },
    { "kota": "PAGERAGEUNG" },
    { "kota": "SUKARESIK" },
    { "kota": "BANJARSARI" },
    { "kota": "BANJARANYAR" },
    { "kota": "LAKBOK" },
    { "kota": "PURWADADI" },
    { "kota": "PAMARICAN" },
    { "kota": "CIDOLOG" },
    { "kota": "CIMARAGAS" },
    { "kota": "CIJEUNGJING" },
    { "kota": "CISAGA" },
    { "kota": "TAMBAKSARI" },
    { "kota": "RANCAH" },
    { "kota": "RAJADESA" },
    { "kota": "SUKADANA" },
    { "kota": "CIAMIS" },
    { "kota": "BAREGBEG" },
    { "kota": "CIKONENG" },
    { "kota": "SINDANGKASIH" },
    { "kota": "CIHAURBEUTI" },
    { "kota": "SADANANYA" },
    { "kota": "CIPAKU" },
    { "kota": "JATINAGARA" },
    { "kota": "PANAWANGAN" },
    { "kota": "KAWALI" },
    { "kota": "LUMBUNG" },
    { "kota": "PANJALU" },
    { "kota": "SUKAMANTRI" },
    { "kota": "PANUMBANGAN" },
    { "kota": "DARMA" },
    { "kota": "KADUGEDE" },
    { "kota": "NUSAHERANG" },
    { "kota": "CINIRU" },
    { "kota": "HANTARA" },
    { "kota": "SELAJAMBE" },
    { "kota": "SUBANG" },
    { "kota": "CILEBAK" },
    { "kota": "CIWARU" },
    { "kota": "KARANGKANCANA" },
    { "kota": "CIBINGBIN" },
    { "kota": "CIBEUREUM" },
    { "kota": "LURAGUNG" },
    { "kota": "CIMAHI" },
    { "kota": "CIDAHU" },
    { "kota": "KALIMANGGIS" },
    { "kota": "CIAWIGEBANG" },
    { "kota": "CIPICUNG" },
    { "kota": "LEBAKWANGI" },
    { "kota": "MALEBER" },
    { "kota": "GARAWANGI" },
    { "kota": "SINDANGAGUNG" },
    { "kota": "KUNINGAN" },
    { "kota": "CIGUGUR" },
    { "kota": "KRAMATMULYA" },
    { "kota": "JALAKSANA" },
    { "kota": "JAPARA" },
    { "kota": "CILIMUS" },
    { "kota": "CIGANDAMEKAR" },
    { "kota": "MANDIRANCAN" },
    { "kota": "PANCALANG" },
    { "kota": "PASAWAHAN" },
    { "kota": "WALED" },
    { "kota": "PASALEMAN" },
    { "kota": "CILEDUG" },
    { "kota": "PABUARAN" },
    { "kota": "LOSARI" },
    { "kota": "PABEDILAN" },
    { "kota": "BABAKAN" },
    { "kota": "GEBANG" },
    { "kota": "KARANGSEMBUNG" },
    { "kota": "KARANGWARENG" },
    { "kota": "LEMAHABANG" },
    { "kota": "SUSUKANLEBAK" },
    { "kota": "SEDONG" },
    { "kota": "ASTANAJAPURA" },
    { "kota": "PANGENAN" },
    { "kota": "MUNDU" },
    { "kota": "BEBER" },
    { "kota": "GREGED" },
    { "kota": "TALUN" },
    { "kota": "SUMBER" },
    { "kota": "DUKUPUNTANG" },
    { "kota": "PALIMANAN" },
    { "kota": "PLUMBON" },
    { "kota": "DEPOK" },
    { "kota": "WERU" },
    { "kota": "PLERED" },
    { "kota": "TENGAH TANI" },
    { "kota": "KEDAWUNG" },
    { "kota": "GUNUNGJATI" },
    { "kota": "KAPETAKAN" },
    { "kota": "SURANENGGALA" },
    { "kota": "KLANGENAN" },
    { "kota": "JAMBLANG" },
    { "kota": "ARJAWINANGUN" },
    { "kota": "PANGURAGAN" },
    { "kota": "CIWARINGIN" },
    { "kota": "GEMPOL" },
    { "kota": "SUSUKAN" },
    { "kota": "GEGESIK" },
    { "kota": "KALIWEDI" },
    { "kota": "LEMAHSUGIH" },
    { "kota": "BANTARUJEG" },
    { "kota": "MALAUSMA" },
    { "kota": "CIKIJING" },
    { "kota": "CINGAMBUL" },
    { "kota": "TALAGA" },
    { "kota": "BANJARAN" },
    { "kota": "ARGAPURA" },
    { "kota": "MAJA" },
    { "kota": "MAJALENGKA" },
    { "kota": "CIGASONG" },
    { "kota": "SUKAHAJI" },
    { "kota": "SINDANG" },
    { "kota": "RAJAGALUH" },
    { "kota": "SINDANGWANGI" },
    { "kota": "LEUWIMUNDING" },
    { "kota": "PALASAH" },
    { "kota": "JATIWANGI" },
    { "kota": "DAWUAN" },
    { "kota": "KASOKANDEL" },
    { "kota": "PANYINGKIRAN" },
    { "kota": "KADIPATEN" },
    { "kota": "KERTAJATI" },
    { "kota": "JATITUJUH" },
    { "kota": "LIGUNG" },
    { "kota": "SUMBERJAYA" },
    { "kota": "JATINANGOR" },
    { "kota": "CIMANGGUNG" },
    { "kota": "TANJUNGSARI" },
    { "kota": "SUKASARI" },
    { "kota": "PAMULIHAN" },
    { "kota": "RANCAKALONG" },
    { "kota": "SUMEDANG SELATAN" },
    { "kota": "SUMEDANG UTARA" },
    { "kota": "GANEAS" },
    { "kota": "SITURAJA" },
    { "kota": "CISITU" },
    { "kota": "DARMARAJA" },
    { "kota": "CIBUGEL" },
    { "kota": "WADO" },
    { "kota": "JATINUNGGAL" },
    { "kota": "JATIGEDE" },
    { "kota": "TOMO" },
    { "kota": "UJUNG JAYA" },
    { "kota": "CONGGEANG" },
    { "kota": "PASEH" },
    { "kota": "CIMALAKA" },
    { "kota": "CISARUA" },
    { "kota": "TANJUNGKERTA" },
    { "kota": "TANJUNGMEDAR" },
    { "kota": "BUAHDUA" },
    { "kota": "SURIAN" },
    { "kota": "HAURGEULIS" },
    { "kota": "GANTAR" },
    { "kota": "KROYA" },
    { "kota": "GABUSWETAN" },
    { "kota": "CIKEDUNG" },
    { "kota": "TERISI" },
    { "kota": "LELEA" },
    { "kota": "BANGODUA" },
    { "kota": "TUKDANA" },
    { "kota": "WIDASARI" },
    { "kota": "KERTASEMAYA" },
    { "kota": "SUKAGUMIWANG" },
    { "kota": "KRANGKENG" },
    { "kota": "KARANGAMPEL" },
    { "kota": "KEDOKAN BUNDER" },
    { "kota": "JUNTINYUAT" },
    { "kota": "SLIYEG" },
    { "kota": "JATIBARANG" },
    { "kota": "BALONGAN" },
    { "kota": "INDRAMAYU" },
    { "kota": "SINDANG" },
    { "kota": "CANTIGI" },
    { "kota": "PASEKAN" },
    { "kota": "LOHBENER" },
    { "kota": "ARAHAN" },
    { "kota": "LOSARANG" },
    { "kota": "KANDANGHAUR" },
    { "kota": "BONGAS" },
    { "kota": "ANJATAN" },
    { "kota": "SUKRA" },
    { "kota": "PATROL" },
    { "kota": "SAGALAHERANG" },
    { "kota": "SERANGPANJANG" },
    { "kota": "JALANCAGAK" },
    { "kota": "CIATER" },
    { "kota": "CISALAK" },
    { "kota": "KASOMALANG" },
    { "kota": "TANJUNGSIANG" },
    { "kota": "CIJAMBE" },
    { "kota": "CIBOGO" },
    { "kota": "SUBANG" },
    { "kota": "KALIJATI" },
    { "kota": "DAWUAN" },
    { "kota": "CIPEUNDEUY" },
    { "kota": "PABUARAN" },
    { "kota": "PATOKBEUSI" },
    { "kota": "PURWADADI" },
    { "kota": "CIKAUM" },
    { "kota": "PAGADEN" },
    { "kota": "PAGADEN BARAT" },
    { "kota": "CIPUNAGARA" },
    { "kota": "COMPRENG" },
    { "kota": "BINONG" },
    { "kota": "TAMBAKDAHAN" },
    { "kota": "CIASEM" },
    { "kota": "PAMANUKAN" },
    { "kota": "SUKASARI" },
    { "kota": "PUSAKANAGARA" },
    { "kota": "PUSAKAJAYA" },
    { "kota": "LEGONKULON" },
    { "kota": "BLANAKAN" },
    { "kota": "JATILUHUR" },
    { "kota": "SUKASARI" },
    { "kota": "MANIIS" },
    { "kota": "TEGAL WARU" },
    { "kota": "PLERED" },
    { "kota": "SUKATANI" },
    { "kota": "DARANGDAN" },
    { "kota": "BOJONG" },
    { "kota": "WANAYASA" },
    { "kota": "KIARAPEDES" },
    { "kota": "PASAWAHAN" },
    { "kota": "PONDOK SALAM" },
    { "kota": "PURWAKARTA" },
    { "kota": "BABAKANCIKAO" },
    { "kota": "CAMPAKA" },
    { "kota": "CIBATU" },
    { "kota": "BUNGURSARI" },
    { "kota": "PANGKALAN" },
    { "kota": "TEGALWARU" },
    { "kota": "CIAMPEL" },
    { "kota": "TELUKJAMBE TIMUR" },
    { "kota": "TELUKJAMBE BARAT" },
    { "kota": "KLARI" },
    { "kota": "CIKAMPEK" },
    { "kota": "PURWASARI" },
    { "kota": "TIRTAMULYA" },
    { "kota": "JATISARI" },
    { "kota": "BANYUSARI" },
    { "kota": "KOTABARU" },
    { "kota": "CILAMAYA WETAN" },
    { "kota": "CILAMAYA KULON" },
    { "kota": "LEMAHABANG" },
    { "kota": "TALAGASARI" },
    { "kota": "MAJALAYA" },
    { "kota": "KARAWANG TIMUR" },
    { "kota": "KARAWANG BARAT" },
    { "kota": "RAWAMERTA" },
    { "kota": "TEMPURAN" },
    { "kota": "KUTAWALUYA" },
    { "kota": "RENGASDENGKLOK" },
    { "kota": "JAYAKERTA" },
    { "kota": "PEDES" },
    { "kota": "CILEBAR" },
    { "kota": "CIBUAYA" },
    { "kota": "TIRTAJAYA" },
    { "kota": "BATUJAYA" },
    { "kota": "PAKISJAYA" },
    { "kota": "SETU" },
    { "kota": "SERANG BARU" },
    { "kota": "CIKARANG PUSAT" },
    { "kota": "CIKARANG SELATAN" },
    { "kota": "CIBARUSAH" },
    { "kota": "BOJONGMANGU" },
    { "kota": "CIKARANG TIMUR" },
    { "kota": "KEDUNGWARINGIN" },
    { "kota": "CIKARANG UTARA" },
    { "kota": "KARANGBAHAGIA" },
    { "kota": "CIBITUNG" },
    { "kota": "CIKARANG BARAT" },
    { "kota": "TAMBUN SELATAN" },
    { "kota": "TAMBUN UTARA" },
    { "kota": "BABELAN" },
    { "kota": "TARUMAJAYA" },
    { "kota": "TAMBELANG" },
    { "kota": "SUKAWANGI" },
    { "kota": "SUKATANI" },
    { "kota": "SUKAKARYA" },
    { "kota": "PEBAYURAN" },
    { "kota": "CABANGBUNGIN" },
    { "kota": "MUARA GEMBONG" },
    { "kota": "RONGGA" },
    { "kota": "GUNUNGHALU" },
    { "kota": "SINDANGKERTA" },
    { "kota": "CILILIN" },
    { "kota": "CIHAMPELAS" },
    { "kota": "CIPONGKOR" },
    { "kota": "BATUJAJAR" },
    { "kota": "SAGULING" },
    { "kota": "CIPATAT" },
    { "kota": "PADALARANG" },
    { "kota": "NGAMPRAH" },
    { "kota": "PARONGPONG" },
    { "kota": "LEMBANG" },
    { "kota": "CISARUA" },
    { "kota": "CIKALONG WETAN" },
    { "kota": "CIPEUNDEUY" },
    { "kota": "CIMERAK" },
    { "kota": "CIJULANG" },
    { "kota": "CIGUGUR" },
    { "kota": "LANGKAPLANCAR" },
    { "kota": "PARIGI" },
    { "kota": "SIDAMULIH" },
    { "kota": "PANGANDARAN" },
    { "kota": "KALIPUCANG" },
    { "kota": "PADAHERANG" },
    { "kota": "MANGUNJAYA" },
    { "kota": "BOGOR SELATAN" },
    { "kota": "BOGOR TIMUR" },
    { "kota": "BOGOR UTARA" },
    { "kota": "BOGOR TENGAH" },
    { "kota": "BOGOR BARAT" },
    { "kota": "TANAH SEREAL" },
    { "kota": "BAROS" },
    { "kota": "LEMBURSITU" },
    { "kota": "CIBEUREUM" },
    { "kota": "CITAMIANG" },
    { "kota": "WARUDOYONG" },
    { "kota": "GUNUNG PUYUH" },
    { "kota": "CIKOLE" },
    { "kota": "BANDUNG KULON" },
    { "kota": "BABAKAN CIPARAY" },
    { "kota": "BOJONGLOA KALER" },
    { "kota": "BOJONGLOA KIDUL" },
    { "kota": "ASTANAANYAR" },
    { "kota": "REGOL" },
    { "kota": "LENGKONG" },
    { "kota": "BANDUNG KIDUL" },
    { "kota": "BUAHBATU" },
    { "kota": "RANCASARI" },
    { "kota": "GEDEBAGE" },
    { "kota": "CIBIRU" },
    { "kota": "PANYILEUKAN" },
    { "kota": "UJUNG BERUNG" },
    { "kota": "CINAMBO" },
    { "kota": "ARCAMANIK" },
    { "kota": "ANTAPANI" },
    { "kota": "MANDALAJATI" },
    { "kota": "KIARACONDONG" },
    { "kota": "BATUNUNGGAL" },
    { "kota": "SUMUR BANDUNG" },
    { "kota": "ANDIR" },
    { "kota": "CICENDO" },
    { "kota": "BANDUNG WETAN" },
    { "kota": "CIBEUNYING KIDUL" },
    { "kota": "CIBEUNYING KALER" },
    { "kota": "COBLONG" },
    { "kota": "SUKAJADI" },
    { "kota": "SUKASARI" },
    { "kota": "CIDADAP" },
    { "kota": "HARJAMUKTI" },
    { "kota": "LEMAHWUNGKUK" },
    { "kota": "PEKALIPAN" },
    { "kota": "KESAMBI" },
    { "kota": "KEJAKSAN" },
    { "kota": "PONDOKGEDE" },
    { "kota": "JATISAMPURNA" },
    { "kota": "PONDOKMELATI" },
    { "kota": "JATIASIH" },
    { "kota": "BANTARGEBANG" },
    { "kota": "MUSTIKAJAYA" },
    { "kota": "BEKASI TIMUR" },
    { "kota": "RAWALUMBU" },
    { "kota": "BEKASI SELATAN" },
    { "kota": "BEKASI BARAT" },
    { "kota": "MEDAN SATRIA" },
    { "kota": "BEKASI UTARA" },
    { "kota": "SAWANGAN" },
    { "kota": "BOJONGSARI" },
    { "kota": "PANCORAN MAS" },
    { "kota": "CIPAYUNG" },
    { "kota": "SUKMA JAYA" },
    { "kota": "CILODONG" },
    { "kota": "CIMANGGIS" },
    { "kota": "TAPOS" },
    { "kota": "BEJI" },
    { "kota": "LIMO" },
    { "kota": "CINERE" },
    { "kota": "CIMAHI SELATAN" },
    { "kota": "CIMAHI TENGAH" },
    { "kota": "CIMAHI UTARA" },
    { "kota": "KAWALU" },
    { "kota": "TAMANSARI" },
    { "kota": "CIBEUREUM" },
    { "kota": "PURBARATU" },
    { "kota": "TAWANG" },
    { "kota": "CIHIDEUNG" },
    { "kota": "MANGKUBUMI" },
    { "kota": "INDIHIANG" },
    { "kota": "BUNGURSARI" },
    { "kota": "CIPEDES" },
    { "kota": "BANJAR" },
    { "kota": "PURWAHARJA" },
    { "kota": "PATARUMAN" },
    { "kota": "LANGENSARI" },
    { "kota": "DAYEUHLUHUR" },
    { "kota": "WANAREJA" },
    { "kota": "MAJENANG" },
    { "kota": "CIMANGGU" },
    { "kota": "KARANGPUCUNG" },
    { "kota": "CIPARI" },
    { "kota": "SIDAREJA" },
    { "kota": "KEDUNGREJA" },
    { "kota": "PATIMUAN" },
    { "kota": "GANDRUNGMANGU" },
    { "kota": "BANTARSARI" },
    { "kota": "KAWUNGANTEN" },
    { "kota": "KAMPUNG LAUT" },
    { "kota": "JERUKLEGI" },
    { "kota": "KESUGIHAN" },
    { "kota": "ADIPALA" },
    { "kota": "MAOS" },
    { "kota": "SAMPANG" },
    { "kota": "KROYA" },
    { "kota": "BINANGUN" },
    { "kota": "NUSAWUNGU" },
    { "kota": "CILACAP SELATAN" },
    { "kota": "CILACAP TENGAH" },
    { "kota": "CILACAP UTARA" },
    { "kota": "LUMBIR" },
    { "kota": "WANGON" },
    { "kota": "JATILAWANG" },
    { "kota": "RAWALO" },
    { "kota": "KEBASEN" },
    { "kota": "KEMRANJEN" },
    { "kota": "SUMPIUH" },
    { "kota": "TAMBAK" },
    { "kota": "SOMAGEDE" },
    { "kota": "KALIBAGOR" },
    { "kota": "BANYUMAS" },
    { "kota": "PATIKRAJA" },
    { "kota": "PURWOJATI" },
    { "kota": "AJIBARANG" },
    { "kota": "GUMELAR" },
    { "kota": "PEKUNCEN" },
    { "kota": "CILONGOK" },
    { "kota": "KARANGLEWAS" },
    { "kota": "KEDUNG BANTENG" },
    { "kota": "BATURRADEN" },
    { "kota": "SUMBANG" },
    { "kota": "KEMBARAN" },
    { "kota": "SOKARAJA" },
    { "kota": "PURWOKERTO SELATAN" },
    { "kota": "PURWOKERTO BARAT" },
    { "kota": "PURWOKERTO TIMUR" },
    { "kota": "PURWOKERTO UTARA" },
    { "kota": "KEMANGKON" },
    { "kota": "BUKATEJA" },
    { "kota": "KEJOBONG" },
    { "kota": "PENGADEGAN" },
    { "kota": "KALIGONDANG" },
    { "kota": "PURBALINGGA" },
    { "kota": "KALIMANAH" },
    { "kota": "PADAMARA" },
    { "kota": "KUTASARI" },
    { "kota": "BOJONGSARI" },
    { "kota": "MREBET" },
    { "kota": "BOBOTSARI" },
    { "kota": "KARANGREJA" },
    { "kota": "KARANGJAMBU" },
    { "kota": "KARANGANYAR" },
    { "kota": "KERTANEGARA" },
    { "kota": "KARANGMONCOL" },
    { "kota": "REMBANG" },
    { "kota": "SUSUKAN" },
    { "kota": "PURWAREJA KLAMPOK" },
    { "kota": "MANDIRAJA" },
    { "kota": "PURWANEGARA" },
    { "kota": "BAWANG" },
    { "kota": "BANJARNEGARA" },
    { "kota": "PAGEDONGAN" },
    { "kota": "SIGALUH" },
    { "kota": "MADUKARA" },
    { "kota": "BANJARMANGU" },
    { "kota": "WANADADI" },
    { "kota": "RAKIT" },
    { "kota": "PUNGGELAN" },
    { "kota": "KARANGKOBAR" },
    { "kota": "PAGENTAN" },
    { "kota": "PEJAWARAN" },
    { "kota": "BATUR" },
    { "kota": "WANAYASA" },
    { "kota": "KALIBENING" },
    { "kota": "PANDANARUM" },
    { "kota": "AYAH" },
    { "kota": "BUAYAN" },
    { "kota": "PURING" },
    { "kota": "PETANAHAN" },
    { "kota": "KLIRONG" },
    { "kota": "BULUSPESANTREN" },
    { "kota": "AMBAL" },
    { "kota": "MIRIT" },
    { "kota": "BONOROWO" },
    { "kota": "PREMBUN" },
    { "kota": "PADURESO" },
    { "kota": "KUTOWINANGUN" },
    { "kota": "ALIAN" },
    { "kota": "PONCOWARNO" },
    { "kota": "KEBUMEN" },
    { "kota": "PEJAGOAN" },
    { "kota": "SRUWENG" },
    { "kota": "ADIMULYO" },
    { "kota": "KUWARASAN" },
    { "kota": "ROWOKELE" },
    { "kota": "SEMPOR" },
    { "kota": "GOMBONG" },
    { "kota": "KARANGANYAR" },
    { "kota": "KARANGGAYAM" },
    { "kota": "SADANG" },
    { "kota": "KARANGSAMBUNG" },
    { "kota": "GRABAG" },
    { "kota": "NGOMBOL" },
    { "kota": "PURWODADI" },
    { "kota": "BAGELEN" },
    { "kota": "KALIGESING" },
    { "kota": "PURWOREJO" },
    { "kota": "BANYU URIP" },
    { "kota": "BAYAN" },
    { "kota": "KUTOARJO" },
    { "kota": "BUTUH" },
    { "kota": "PITURUH" },
    { "kota": "KEMIRI" },
    { "kota": "BRUNO" },
    { "kota": "GEBANG" },
    { "kota": "LOANO" },
    { "kota": "BENER" },
    { "kota": "WADASLINTANG" },
    { "kota": "KEPIL" },
    { "kota": "SAPURAN" },
    { "kota": "KALIBAWANG" },
    { "kota": "KALIWIRO" },
    { "kota": "LEKSONO" },
    { "kota": "SUKOHARJO" },
    { "kota": "SELOMERTO" },
    { "kota": "KALIKAJAR" },
    { "kota": "KERTEK" },
    { "kota": "WONOSOBO" },
    { "kota": "WATUMALANG" },
    { "kota": "MOJOTENGAH" },
    { "kota": "GARUNG" },
    { "kota": "KEJAJAR" },
    { "kota": "SALAMAN" },
    { "kota": "BOROBUDUR" },
    { "kota": "NGLUWAR" },
    { "kota": "SALAM" },
    { "kota": "SRUMBUNG" },
    { "kota": "DUKUN" },
    { "kota": "MUNTILAN" },
    { "kota": "MUNGKID" },
    { "kota": "SAWANGAN" },
    { "kota": "CANDIMULYO" },
    { "kota": "MERTOYUDAN" },
    { "kota": "TEMPURAN" },
    { "kota": "KAJORAN" },
    { "kota": "KALIANGKRIK" },
    { "kota": "BANDONGAN" },
    { "kota": "WINDUSARI" },
    { "kota": "SECANG" },
    { "kota": "TEGALREJO" },
    { "kota": "PAKIS" },
    { "kota": "GRABAG" },
    { "kota": "NGABLAK" },
    { "kota": "SELO" },
    { "kota": "AMPEL" },
    { "kota": "CEPOGO" },
    { "kota": "MUSUK" },
    { "kota": "BOYOLALI" },
    { "kota": "MOJOSONGO" },
    { "kota": "TERAS" },
    { "kota": "SAWIT" },
    { "kota": "BANYUDONO" },
    { "kota": "SAMBI" },
    { "kota": "NGEMPLAK" },
    { "kota": "NOGOSARI" },
    { "kota": "SIMO" },
    { "kota": "KARANGGEDE" },
    { "kota": "KLEGO" },
    { "kota": "ANDONG" },
    { "kota": "KEMUSU" },
    { "kota": "WONOSEGORO" },
    { "kota": "JUWANGI" },
    { "kota": "PRAMBANAN" },
    { "kota": "GANTIWARNO" },
    { "kota": "WEDI" },
    { "kota": "BAYAT" },
    { "kota": "CAWAS" },
    { "kota": "TRUCUK" },
    { "kota": "KALIKOTES" },
    { "kota": "KEBONARUM" },
    { "kota": "JOGONALAN" },
    { "kota": "MANISRENGGO" },
    { "kota": "KARANGNONGKO" },
    { "kota": "NGAWEN" },
    { "kota": "CEPER" },
    { "kota": "PEDAN" },
    { "kota": "KARANGDOWO" },
    { "kota": "JUWIRING" },
    { "kota": "WONOSARI" },
    { "kota": "DELANGGU" },
    { "kota": "POLANHARJO" },
    { "kota": "KARANGANOM" },
    { "kota": "TULUNG" },
    { "kota": "JATINOM" },
    { "kota": "KEMALANG" },
    { "kota": "KLATEN SELATAN" },
    { "kota": "KLATEN TENGAH" },
    { "kota": "KLATEN UTARA" },
    { "kota": "WERU" },
    { "kota": "BULU" },
    { "kota": "TAWANGSARI" },
    { "kota": "SUKOHARJO" },
    { "kota": "NGUTER" },
    { "kota": "BENDOSARI" },
    { "kota": "POLOKARTO" },
    { "kota": "MOJOLABAN" },
    { "kota": "GROGOL" },
    { "kota": "BAKI" },
    { "kota": "GATAK" },
    { "kota": "KARTASURA" },
    { "kota": "PRACIMANTORO" },
    { "kota": "PARANGGUPITO" },
    { "kota": "GIRITONTRO" },
    { "kota": "GIRIWOYO" },
    { "kota": "BATUWARNO" },
    { "kota": "KARANGTENGAH" },
    { "kota": "TIRTOMOYO" },
    { "kota": "NGUNTORONADI" },
    { "kota": "BATURETNO" },
    { "kota": "EROMOKO" },
    { "kota": "WURYANTORO" },
    { "kota": "MANYARAN" },
    { "kota": "SELOGIRI" },
    { "kota": "WONOGIRI" },
    { "kota": "NGADIROJO" },
    { "kota": "SIDOHARJO" },
    { "kota": "JATIROTO" },
    { "kota": "KISMANTORO" },
    { "kota": "PURWANTORO" },
    { "kota": "BULUKERTO" },
    { "kota": "PUHPELEM" },
    { "kota": "SLOGOHIMO" },
    { "kota": "JATISRONO" },
    { "kota": "JATIPURNO" },
    { "kota": "GIRIMARTO" },
    { "kota": "JATIPURO" },
    { "kota": "JATIYOSO" },
    { "kota": "JUMAPOLO" },
    { "kota": "JUMANTONO" },
    { "kota": "MATESIH" },
    { "kota": "TAWANGMANGU" },
    { "kota": "NGARGOYOSO" },
    { "kota": "KARANGPANDAN" },
    { "kota": "KARANGANYAR" },
    { "kota": "TASIKMADU" },
    { "kota": "JATEN" },
    { "kota": "COLOMADU" },
    { "kota": "GONDANGREJO" },
    { "kota": "KEBAKKRAMAT" },
    { "kota": "MOJOGEDANG" },
    { "kota": "KERJO" },
    { "kota": "JENAWI" },
    { "kota": "KALIJAMBE" },
    { "kota": "PLUPUH" },
    { "kota": "MASARAN" },
    { "kota": "KEDAWUNG" },
    { "kota": "SAMBIREJO" },
    { "kota": "GONDANG" },
    { "kota": "SAMBUNG MACAN" },
    { "kota": "NGRAMPAL" },
    { "kota": "KARANGMALANG" },
    { "kota": "SRAGEN" },
    { "kota": "SIDOHARJO" },
    { "kota": "TANON" },
    { "kota": "GEMOLONG" },
    { "kota": "MIRI" },
    { "kota": "SUMBERLAWANG" },
    { "kota": "MONDOKAN" },
    { "kota": "SUKODONO" },
    { "kota": "GESI" },
    { "kota": "TANGEN" },
    { "kota": "JENAR" },
    { "kota": "KEDUNGJATI" },
    { "kota": "KARANGRAYUNG" },
    { "kota": "PENAWANGAN" },
    { "kota": "TOROH" },
    { "kota": "GEYER" },
    { "kota": "PULOKULON" },
    { "kota": "KRADENAN" },
    { "kota": "GABUS" },
    { "kota": "NGARINGAN" },
    { "kota": "WIROSARI" },
    { "kota": "TAWANGHARJO" },
    { "kota": "GROBOGAN" },
    { "kota": "PURWODADI" },
    { "kota": "BRATI" },
    { "kota": "KLAMBU" },
    { "kota": "GODONG" },
    { "kota": "GUBUG" },
    { "kota": "TEGOWANU" },
    { "kota": "TANGGUNGHARJO" },
    { "kota": "JATI" },
    { "kota": "RANDUBLATUNG" },
    { "kota": "KRADENAN" },
    { "kota": "KEDUNGTUBAN" },
    { "kota": "CEPU" },
    { "kota": "SAMBONG" },
    { "kota": "JIKEN" },
    { "kota": "BOGOREJO" },
    { "kota": "JEPON" },
    { "kota": "KOTA BLORA" },
    { "kota": "BANJAREJO" },
    { "kota": "TUNJUNGAN" },
    { "kota": "JAPAH" },
    { "kota": "NGAWEN" },
    { "kota": "KUNDURAN" },
    { "kota": "TODANAN" },
    { "kota": "SUMBER" },
    { "kota": "BULU" },
    { "kota": "GUNEM" },
    { "kota": "SALE" },
    { "kota": "SARANG" },
    { "kota": "SEDAN" },
    { "kota": "PAMOTAN" },
    { "kota": "SULANG" },
    { "kota": "KALIORI" },
    { "kota": "REMBANG" },
    { "kota": "PANCUR" },
    { "kota": "KRAGAN" },
    { "kota": "SLUKE" },
    { "kota": "LASEM" },
    { "kota": "SUKOLILO" },
    { "kota": "KAYEN" },
    { "kota": "TAMBAKROMO" },
    { "kota": "WINONG" },
    { "kota": "PUCAKWANGI" },
    { "kota": "JAKEN" },
    { "kota": "BATANGAN" },
    { "kota": "JUWANA" },
    { "kota": "JAKENAN" },
    { "kota": "PATI" },
    { "kota": "GABUS" },
    { "kota": "MARGOREJO" },
    { "kota": "GEMBONG" },
    { "kota": "TLOGOWUNGU" },
    { "kota": "WEDARIJAKSA" },
    { "kota": "TRANGKIL" },
    { "kota": "MARGOYOSO" },
    { "kota": "GUNUNG WUNGKAL" },
    { "kota": "CLUWAK" },
    { "kota": "TAYU" },
    { "kota": "DUKUHSETI" },
    { "kota": "KALIWUNGU" },
    { "kota": "KOTA KUDUS" },
    { "kota": "JATI" },
    { "kota": "UNDAAN" },
    { "kota": "MEJOBO" },
    { "kota": "JEKULO" },
    { "kota": "BAE" },
    { "kota": "GEBOG" },
    { "kota": "DAWE" },
    { "kota": "KEDUNG" },
    { "kota": "PECANGAAN" },
    { "kota": "KALINYAMATAN" },
    { "kota": "WELAHAN" },
    { "kota": "MAYONG" },
    { "kota": "NALUMSARI" },
    { "kota": "BATEALIT" },
    { "kota": "TAHUNAN" },
    { "kota": "JEPARA" },
    { "kota": "MLONGGO" },
    { "kota": "PAKIS AJI" },
    { "kota": "BANGSRI" },
    { "kota": "KEMBANG" },
    { "kota": "KELING" },
    { "kota": "DONOROJO" },
    { "kota": "KARIMUNJAWA" },
    { "kota": "MRANGGEN" },
    { "kota": "KARANGAWEN" },
    { "kota": "GUNTUR" },
    { "kota": "SAYUNG" },
    { "kota": "KARANG TENGAH" },
    { "kota": "BONANG" },
    { "kota": "DEMAK" },
    { "kota": "WONOSALAM" },
    { "kota": "DEMPET" },
    { "kota": "KEBONAGUNG" },
    { "kota": "GAJAH" },
    { "kota": "KARANGANYAR" },
    { "kota": "MIJEN" },
    { "kota": "WEDUNG" },
    { "kota": "GETASAN" },
    { "kota": "TENGARAN" },
    { "kota": "SUSUKAN" },
    { "kota": "KALIWUNGU" },
    { "kota": "SURUH" },
    { "kota": "PABELAN" },
    { "kota": "TUNTANG" },
    { "kota": "BANYUBIRU" },
    { "kota": "JAMBU" },
    { "kota": "SUMOWONO" },
    { "kota": "AMBARAWA" },
    { "kota": "BANDUNGAN" },
    { "kota": "BAWEN" },
    { "kota": "BRINGIN" },
    { "kota": "BANCAK" },
    { "kota": "PRINGAPUS" },
    { "kota": "BERGAS" },
    { "kota": "UNGARAN BARAT" },
    { "kota": "UNGARAN TIMUR" },
    { "kota": "PARAKAN" },
    { "kota": "KLEDUNG" },
    { "kota": "BANSARI" },
    { "kota": "BULU" },
    { "kota": "TEMANGGUNG" },
    { "kota": "TLOGOMULYO" },
    { "kota": "TEMBARAK" },
    { "kota": "SELOPAMPANG" },
    { "kota": "KRANGGAN" },
    { "kota": "PRINGSURAT" },
    { "kota": "KALORAN" },
    { "kota": "KANDANGAN" },
    { "kota": "KEDU" },
    { "kota": "NGADIREJO" },
    { "kota": "JUMO" },
    { "kota": "GEMAWANG" },
    { "kota": "CANDIROTO" },
    { "kota": "BEJEN" },
    { "kota": "TRETEP" },
    { "kota": "WONOBOYO" },
    { "kota": "PLANTUNGAN" },
    { "kota": "SUKOREJO" },
    { "kota": "PAGERRUYUNG" },
    { "kota": "PATEAN" },
    { "kota": "SINGOROJO" },
    { "kota": "LIMBANGAN" },
    { "kota": "BOJA" },
    { "kota": "KALIWUNGU" },
    { "kota": "KALIWUNGU SELATAN" },
    { "kota": "BRANGSONG" },
    { "kota": "PEGANDON" },
    { "kota": "NGAMPEL" },
    { "kota": "GEMUH" },
    { "kota": "RINGINARUM" },
    { "kota": "WELERI" },
    { "kota": "ROWOSARI" },
    { "kota": "KANGKUNG" },
    { "kota": "CEPIRING" },
    { "kota": "PATEBON" },
    { "kota": "KOTA KENDAL" },
    { "kota": "WONOTUNGGAL" },
    { "kota": "BANDAR" },
    { "kota": "BLADO" },
    { "kota": "REBAN" },
    { "kota": "BAWANG" },
    { "kota": "TERSONO" },
    { "kota": "GRINGSING" },
    { "kota": "LIMPUNG" },
    { "kota": "BANYUPUTIH" },
    { "kota": "SUBAH" },
    { "kota": "PECALUNGAN" },
    { "kota": "TULIS" },
    { "kota": "KANDEMAN" },
    { "kota": "BATANG" },
    { "kota": "WARUNG ASEM" },
    { "kota": "KANDANGSERANG" },
    { "kota": "PANINGGARAN" },
    { "kota": "LEBAKBARANG" },
    { "kota": "PETUNGKRIONO" },
    { "kota": "TALUN" },
    { "kota": "DORO" },
    { "kota": "KARANGANYAR" },
    { "kota": "KAJEN" },
    { "kota": "KESESI" },
    { "kota": "SRAGI" },
    { "kota": "SIWALAN" },
    { "kota": "BOJONG" },
    { "kota": "WONOPRINGGO" },
    { "kota": "KEDUNGWUNI" },
    { "kota": "KARANGDADAP" },
    { "kota": "BUARAN" },
    { "kota": "TIRTO" },
    { "kota": "WIRADESA" },
    { "kota": "WONOKERTO" },
    { "kota": "MOGA" },
    { "kota": "WARUNGPRING" },
    { "kota": "PULOSARI" },
    { "kota": "BELIK" },
    { "kota": "WATUKUMPUL" },
    { "kota": "BODEH" },
    { "kota": "BANTARBOLANG" },
    { "kota": "RANDUDONGKAL" },
    { "kota": "PEMALANG" },
    { "kota": "TAMAN" },
    { "kota": "PETARUKAN" },
    { "kota": "AMPELGADING" },
    { "kota": "COMAL" },
    { "kota": "ULUJAMI" },
    { "kota": "MARGASARI" },
    { "kota": "BUMIJAWA" },
    { "kota": "BOJONG" },
    { "kota": "BALAPULANG" },
    { "kota": "PAGERBARANG" },
    { "kota": "LEBAKSIU" },
    { "kota": "JATINEGARA" },
    { "kota": "KEDUNG BANTENG" },
    { "kota": "PANGKAH" },
    { "kota": "SLAWI" },
    { "kota": "DUKUHWARU" },
    { "kota": "ADIWERNA" },
    { "kota": "DUKUHTURI" },
    { "kota": "TALANG" },
    { "kota": "TARUB" },
    { "kota": "KRAMAT" },
    { "kota": "SURADADI" },
    { "kota": "WARUREJA" },
    { "kota": "SALEM" },
    { "kota": "BANTARKAWUNG" },
    { "kota": "BUMIAYU" },
    { "kota": "PAGUYANGAN" },
    { "kota": "SIRAMPOG" },
    { "kota": "TONJONG" },
    { "kota": "LARANGAN" },
    { "kota": "KETANGGUNGAN" },
    { "kota": "BANJARHARJO" },
    { "kota": "LOSARI" },
    { "kota": "TANJUNG" },
    { "kota": "KERSANA" },
    { "kota": "BULAKAMBA" },
    { "kota": "WANASARI" },
    { "kota": "SONGGOM" },
    { "kota": "JATIBARANG" },
    { "kota": "BREBES" },
    { "kota": "MAGELANG SELATAN" },
    { "kota": "MAGELANG TENGAH" },
    { "kota": "MAGELANG UTARA" },
    { "kota": "LAWEYAN" },
    { "kota": "SERENGAN" },
    { "kota": "PASAR KLIWON" },
    { "kota": "JEBRES" },
    { "kota": "BANJARSARI" },
    { "kota": "ARGOMULYO" },
    { "kota": "TINGKIR" },
    { "kota": "SIDOMUKTI" },
    { "kota": "SIDOREJO" },
    { "kota": "MIJEN" },
    { "kota": "GUNUNG PATI" },
    { "kota": "BANYUMANIK" },
    { "kota": "GAJAH MUNGKUR" },
    { "kota": "SEMARANG SELATAN" },
    { "kota": "CANDISARI" },
    { "kota": "TEMBALANG" },
    { "kota": "PEDURUNGAN" },
    { "kota": "GENUK" },
    { "kota": "GAYAMSARI" },
    { "kota": "SEMARANG TIMUR" },
    { "kota": "SEMARANG UTARA" },
    { "kota": "SEMARANG TENGAH" },
    { "kota": "SEMARANG BARAT" },
    { "kota": "TUGU" },
    { "kota": "NGALIYAN" },
    { "kota": "PEKALONGAN BARAT" },
    { "kota": "PEKALONGAN TIMUR" },
    { "kota": "PEKALONGAN SELATAN" },
    { "kota": "PEKALONGAN UTARA" },
    { "kota": "TEGAL SELATAN" },
    { "kota": "TEGAL TIMUR" },
    { "kota": "TEGAL BARAT" },
    { "kota": "MARGADANA" },
    { "kota": "DONOROJO" },
    { "kota": "PUNUNG" },
    { "kota": "PRINGKUKU" },
    { "kota": "PACITAN" },
    { "kota": "KEBONAGUNG" },
    { "kota": "ARJOSARI" },
    { "kota": "NAWANGAN" },
    { "kota": "BANDAR" },
    { "kota": "TEGALOMBO" },
    { "kota": "TULAKAN" },
    { "kota": "NGADIROJO" },
    { "kota": "SUDIMORO" },
    { "kota": "NGRAYUN" },
    { "kota": "SLAHUNG" },
    { "kota": "BUNGKAL" },
    { "kota": "SAMBIT" },
    { "kota": "SAWOO" },
    { "kota": "SOOKO" },
    { "kota": "PUDAK" },
    { "kota": "PULUNG" },
    { "kota": "MLARAK" },
    { "kota": "SIMAN" },
    { "kota": "JETIS" },
    { "kota": "BALONG" },
    { "kota": "KAUMAN" },
    { "kota": "JAMBON" },
    { "kota": "BADEGAN" },
    { "kota": "SAMPUNG" },
    { "kota": "SUKOREJO" },
    { "kota": "PONOROGO" },
    { "kota": "BABADAN" },
    { "kota": "JENANGAN" },
    { "kota": "NGEBEL" },
    { "kota": "PANGGUL" },
    { "kota": "MUNJUNGAN" },
    { "kota": "WATULIMO" },
    { "kota": "KAMPAK" },
    { "kota": "DONGKO" },
    { "kota": "PULE" },
    { "kota": "KARANGAN" },
    { "kota": "SURUH" },
    { "kota": "GANDUSARI" },
    { "kota": "DURENAN" },
    { "kota": "POGALAN" },
    { "kota": "TRENGGALEK" },
    { "kota": "TUGU" },
    { "kota": "BENDUNGAN" },
    { "kota": "BESUKI" },
    { "kota": "BANDUNG" },
    { "kota": "PAKEL" },
    { "kota": "CAMPUR DARAT" },
    { "kota": "TANGGUNG GUNUNG" },
    { "kota": "KALIDAWIR" },
    { "kota": "PUCANG LABAN" },
    { "kota": "REJOTANGAN" },
    { "kota": "NGUNUT" },
    { "kota": "SUMBERGEMPOL" },
    { "kota": "BOYOLANGU" },
    { "kota": "TULUNGAGUNG" },
    { "kota": "KEDUNGWARU" },
    { "kota": "NGANTRU" },
    { "kota": "KARANGREJO" },
    { "kota": "KAUMAN" },
    { "kota": "GONDANG" },
    { "kota": "PAGER WOJO" },
    { "kota": "SENDANG" },
    { "kota": "BAKUNG" },
    { "kota": "WONOTIRTO" },
    { "kota": "PANGGUNGREJO" },
    { "kota": "WATES" },
    { "kota": "BINANGUN" },
    { "kota": "SUTOJAYAN" },
    { "kota": "KADEMANGAN" },
    { "kota": "KANIGORO" },
    { "kota": "TALUN" },
    { "kota": "SELOPURO" },
    { "kota": "KESAMBEN" },
    { "kota": "SELOREJO" },
    { "kota": "DOKO" },
    { "kota": "WLINGI" },
    { "kota": "GANDUSARI" },
    { "kota": "GARUM" },
    { "kota": "NGLEGOK" },
    { "kota": "SANANKULON" },
    { "kota": "PONGGOK" },
    { "kota": "SRENGAT" },
    { "kota": "WONODADI" },
    { "kota": "UDANAWU" },
    { "kota": "MOJO" },
    { "kota": "SEMEN" },
    { "kota": "NGADILUWIH" },
    { "kota": "KRAS" },
    { "kota": "RINGINREJO" },
    { "kota": "KANDAT" },
    { "kota": "WATES" },
    { "kota": "NGANCAR" },
    { "kota": "PLOSOKLATEN" },
    { "kota": "GURAH" },
    { "kota": "PUNCU" },
    { "kota": "KEPUNG" },
    { "kota": "KANDANGAN" },
    { "kota": "PARE" },
    { "kota": "BADAS" },
    { "kota": "KUNJANG" },
    { "kota": "PLEMAHAN" },
    { "kota": "PURWOASRI" },
    { "kota": "PAPAR" },
    { "kota": "PAGU" },
    { "kota": "KAYEN KIDUL" },
    { "kota": "GAMPENGREJO" },
    { "kota": "NGASEM" },
    { "kota": "BANYAKAN" },
    { "kota": "GROGOL" },
    { "kota": "TAROKAN" },
    { "kota": "DONOMULYO" },
    { "kota": "KALIPARE" },
    { "kota": "PAGAK" },
    { "kota": "BANTUR" },
    { "kota": "GEDANGAN" },
    { "kota": "SUMBERMANJING" },
    { "kota": "DAMPIT" },
    { "kota": "TIRTO YUDO" },
    { "kota": "AMPELGADING" },
    { "kota": "PONCOKUSUMO" },
    { "kota": "WAJAK" },
    { "kota": "TUREN" },
    { "kota": "BULULAWANG" },
    { "kota": "GONDANGLEGI" },
    { "kota": "PAGELARAN" },
    { "kota": "KEPANJEN" },
    { "kota": "SUMBER PUCUNG" },
    { "kota": "KROMENGAN" },
    { "kota": "NGAJUM" },
    { "kota": "WONOSARI" },
    { "kota": "WAGIR" },
    { "kota": "PAKISAJI" },
    { "kota": "TAJINAN" },
    { "kota": "TUMPANG" },
    { "kota": "PAKIS" },
    { "kota": "JABUNG" },
    { "kota": "LAWANG" },
    { "kota": "SINGOSARI" },
    { "kota": "KARANGPLOSO" },
    { "kota": "DAU" },
    { "kota": "PUJON" },
    { "kota": "NGANTANG" },
    { "kota": "KASEMBON" },
    { "kota": "TEMPURSARI" },
    { "kota": "PRONOJIWO" },
    { "kota": "CANDIPURO" },
    { "kota": "PASIRIAN" },
    { "kota": "TEMPEH" },
    { "kota": "LUMAJANG" },
    { "kota": "SUMBERSUKO" },
    { "kota": "TEKUNG" },
    { "kota": "KUNIR" },
    { "kota": "YOSOWILANGUN" },
    { "kota": "ROWOKANGKUNG" },
    { "kota": "JATIROTO" },
    { "kota": "RANDUAGUNG" },
    { "kota": "SUKODONO" },
    { "kota": "PADANG" },
    { "kota": "PASRUJAMBE" },
    { "kota": "SENDURO" },
    { "kota": "GUCIALIT" },
    { "kota": "KEDUNGJAJANG" },
    { "kota": "KLAKAH" },
    { "kota": "RANUYOSO" },
    { "kota": "KENCONG" },
    { "kota": "GUMUK MAS" },
    { "kota": "PUGER" },
    { "kota": "WULUHAN" },
    { "kota": "AMBULU" },
    { "kota": "TEMPUREJO" },
    { "kota": "SILO" },
    { "kota": "MAYANG" },
    { "kota": "MUMBULSARI" },
    { "kota": "JENGGAWAH" },
    { "kota": "AJUNG" },
    { "kota": "RAMBIPUJI" },
    { "kota": "BALUNG" },
    { "kota": "UMBULSARI" },
    { "kota": "SEMBORO" },
    { "kota": "JOMBANG" },
    { "kota": "SUMBER BARU" },
    { "kota": "TANGGUL" },
    { "kota": "BANGSALSARI" },
    { "kota": "PANTI" },
    { "kota": "SUKORAMBI" },
    { "kota": "ARJASA" },
    { "kota": "PAKUSARI" },
    { "kota": "KALISAT" },
    { "kota": "LEDOKOMBO" },
    { "kota": "SUMBERJAMBE" },
    { "kota": "SUKOWONO" },
    { "kota": "JELBUK" },
    { "kota": "KALIWATES" },
    { "kota": "SUMBERSARI" },
    { "kota": "PATRANG" },
    { "kota": "PESANGGARAN" },
    { "kota": "SILIRAGUNG" },
    { "kota": "BANGOREJO" },
    { "kota": "PURWOHARJO" },
    { "kota": "TEGALDLIMO" },
    { "kota": "MUNCAR" },
    { "kota": "CLURING" },
    { "kota": "GAMBIRAN" },
    { "kota": "TEGALSARI" },
    { "kota": "GLENMORE" },
    { "kota": "KALIBARU" },
    { "kota": "GENTENG" },
    { "kota": "SRONO" },
    { "kota": "ROGOJAMPI" },
    { "kota": "BLIMBINGSARI" },
    { "kota": "KABAT" },
    { "kota": "SINGOJURUH" },
    { "kota": "SEMPU" },
    { "kota": "SONGGON" },
    { "kota": "GLAGAH" },
    { "kota": "LICIN" },
    { "kota": "BANYUWANGI" },
    { "kota": "GIRI" },
    { "kota": "KALIPURO" },
    { "kota": "WONGSOREJO" },
    { "kota": "MAESAN" },
    { "kota": "GRUJUGAN" },
    { "kota": "TAMANAN" },
    { "kota": "JAMBESARI DARUS SHOLAH" },
    { "kota": "PUJER" },
    { "kota": "TLOGOSARI" },
    { "kota": "SUKOSARI" },
    { "kota": "SUMBER WRINGIN" },
    { "kota": "TAPEN" },
    { "kota": "WONOSARI" },
    { "kota": "TENGGARANG" },
    { "kota": "BONDOWOSO" },
    { "kota": "CURAH DAMI" },
    { "kota": "BINAKAL" },
    { "kota": "PAKEM" },
    { "kota": "WRINGIN" },
    { "kota": "TEGALAMPEL" },
    { "kota": "TAMAN KROCOK" },
    { "kota": "KLABANG" },
    { "kota": "IJEN" },
    { "kota": "BOTOLINGGO" },
    { "kota": "PRAJEKAN" },
    { "kota": "CERMEE" },
    { "kota": "SUMBERMALANG" },
    { "kota": "JATIBANTENG" },
    { "kota": "BANYUGLUGUR" },
    { "kota": "BESUKI" },
    { "kota": "SUBOH" },
    { "kota": "MLANDINGAN" },
    { "kota": "BUNGATAN" },
    { "kota": "KENDIT" },
    { "kota": "PANARUKAN" },
    { "kota": "SITUBONDO" },
    { "kota": "MANGARAN" },
    { "kota": "PANJI" },
    { "kota": "KAPONGAN" },
    { "kota": "ARJASA" },
    { "kota": "JANGKAR" },
    { "kota": "ASEMBAGUS" },
    { "kota": "BANYUPUTIH" },
    { "kota": "SUKAPURA" },
    { "kota": "SUMBER" },
    { "kota": "KURIPAN" },
    { "kota": "BANTARAN" },
    { "kota": "LECES" },
    { "kota": "TEGALSIWALAN" },
    { "kota": "BANYUANYAR" },
    { "kota": "TIRIS" },
    { "kota": "KRUCIL" },
    { "kota": "GADING" },
    { "kota": "PAKUNIRAN" },
    { "kota": "KOTAANYAR" },
    { "kota": "PAITON" },
    { "kota": "BESUK" },
    { "kota": "KRAKSAAN" },
    { "kota": "KREJENGAN" },
    { "kota": "PAJARAKAN" },
    { "kota": "MARON" },
    { "kota": "GENDING" },
    { "kota": "DRINGU" },
    { "kota": "WONOMERTO" },
    { "kota": "LUMBANG" },
    { "kota": "TONGAS" },
    { "kota": "SUMBERASIH" },
    { "kota": "PURWODADI" },
    { "kota": "TUTUR" },
    { "kota": "PUSPO" },
    { "kota": "TOSARI" },
    { "kota": "LUMBANG" },
    { "kota": "PASREPAN" },
    { "kota": "KEJAYAN" },
    { "kota": "WONOREJO" },
    { "kota": "PURWOSARI" },
    { "kota": "PRIGEN" },
    { "kota": "SUKOREJO" },
    { "kota": "PANDAAN" },
    { "kota": "GEMPOL" },
    { "kota": "BEJI" },
    { "kota": "BANGIL" },
    { "kota": "REMBANG" },
    { "kota": "KRATON" },
    { "kota": "POHJENTREK" },
    { "kota": "GONDANG WETAN" },
    { "kota": "REJOSO" },
    { "kota": "WINONGAN" },
    { "kota": "GRATI" },
    { "kota": "LEKOK" },
    { "kota": "NGULING" },
    { "kota": "TARIK" },
    { "kota": "PRAMBON" },
    { "kota": "KREMBUNG" },
    { "kota": "PORONG" },
    { "kota": "JABON" },
    { "kota": "TANGGULANGIN" },
    { "kota": "CANDI" },
    { "kota": "TULANGAN" },
    { "kota": "WONOAYU" },
    { "kota": "SUKODONO" },
    { "kota": "SIDOARJO" },
    { "kota": "BUDURAN" },
    { "kota": "SEDATI" },
    { "kota": "WARU" },
    { "kota": "GEDANGAN" },
    { "kota": "TAMAN" },
    { "kota": "KRIAN" },
    { "kota": "BALONG BENDO" },
    { "kota": "JATIREJO" },
    { "kota": "GONDANG" },
    { "kota": "PACET" },
    { "kota": "TRAWAS" },
    { "kota": "NGORO" },
    { "kota": "PUNGGING" },
    { "kota": "KUTOREJO" },
    { "kota": "MOJOSARI" },
    { "kota": "BANGSAL" },
    { "kota": "MOJOANYAR" },
    { "kota": "DLANGGU" },
    { "kota": "PURI" },
    { "kota": "TROWULAN" },
    { "kota": "SOOKO" },
    { "kota": "GEDEK" },
    { "kota": "KEMLAGI" },
    { "kota": "JETIS" },
    { "kota": "DAWAR BLANDONG" },
    { "kota": "BANDAR KEDUNG MULYO" },
    { "kota": "PERAK" },
    { "kota": "GUDO" },
    { "kota": "DIWEK" },
    { "kota": "NGORO" },
    { "kota": "MOJOWARNO" },
    { "kota": "BARENG" },
    { "kota": "WONOSALAM" },
    { "kota": "MOJOAGUNG" },
    { "kota": "SUMOBITO" },
    { "kota": "JOGO ROTO" },
    { "kota": "PETERONGAN" },
    { "kota": "JOMBANG" },
    { "kota": "MEGALUH" },
    { "kota": "TEMBELANG" },
    { "kota": "KESAMBEN" },
    { "kota": "KUDU" },
    { "kota": "NGUSIKAN" },
    { "kota": "PLOSO" },
    { "kota": "KABUH" },
    { "kota": "PLANDAAN" },
    { "kota": "SAWAHAN" },
    { "kota": "NGETOS" },
    { "kota": "BERBEK" },
    { "kota": "LOCERET" },
    { "kota": "PACE" },
    { "kota": "TANJUNGANOM" },
    { "kota": "PRAMBON" },
    { "kota": "NGRONGGOT" },
    { "kota": "KERTOSONO" },
    { "kota": "PATIANROWO" },
    { "kota": "BARON" },
    { "kota": "GONDANG" },
    { "kota": "SUKOMORO" },
    { "kota": "NGANJUK" },
    { "kota": "BAGOR" },
    { "kota": "WILANGAN" },
    { "kota": "REJOSO" },
    { "kota": "NGLUYU" },
    { "kota": "LENGKONG" },
    { "kota": "JATIKALEN" },
    { "kota": "KEBONSARI" },
    { "kota": "GEGER" },
    { "kota": "DOLOPO" },
    { "kota": "DAGANGAN" },
    { "kota": "WUNGU" },
    { "kota": "KARE" },
    { "kota": "GEMARANG" },
    { "kota": "SARADAN" },
    { "kota": "PILANGKENCENG" },
    { "kota": "MEJAYAN" },
    { "kota": "WONOASRI" },
    { "kota": "BALEREJO" },
    { "kota": "MADIUN" },
    { "kota": "SAWAHAN" },
    { "kota": "JIWAN" },
    { "kota": "PONCOL" },
    { "kota": "PARANG" },
    { "kota": "LEMBEYAN" },
    { "kota": "TAKERAN" },
    { "kota": "NGUNTORONADI" },
    { "kota": "KAWEDANAN" },
    { "kota": "MAGETAN" },
    { "kota": "NGARIBOYO" },
    { "kota": "PLAOSAN" },
    { "kota": "SIDOREJO" },
    { "kota": "PANEKAN" },
    { "kota": "SUKOMORO" },
    { "kota": "BENDO" },
    { "kota": "MAOSPATI" },
    { "kota": "KARANGREJO" },
    { "kota": "KARAS" },
    { "kota": "BARAT" },
    { "kota": "KARTOHARJO" },
    { "kota": "SINE" },
    { "kota": "NGRAMBE" },
    { "kota": "JOGOROGO" },
    { "kota": "KENDAL" },
    { "kota": "GENENG" },
    { "kota": "GERIH" },
    { "kota": "KWADUNGAN" },
    { "kota": "PANGKUR" },
    { "kota": "KARANGJATI" },
    { "kota": "BRINGIN" },
    { "kota": "PADAS" },
    { "kota": "KASREMAN" },
    { "kota": "NGAWI" },
    { "kota": "PARON" },
    { "kota": "KEDUNGGALAR" },
    { "kota": "PITU" },
    { "kota": "WIDODAREN" },
    { "kota": "MANTINGAN" },
    { "kota": "KARANGANYAR" },
    { "kota": "MARGOMULYO" },
    { "kota": "NGRAHO" },
    { "kota": "TAMBAKREJO" },
    { "kota": "NGAMBON" },
    { "kota": "SEKAR" },
    { "kota": "BUBULAN" },
    { "kota": "GONDANG" },
    { "kota": "TEMAYANG" },
    { "kota": "SUGIHWARAS" },
    { "kota": "KEDUNGADEM" },
    { "kota": "KEPOH BARU" },
    { "kota": "BAURENO" },
    { "kota": "KANOR" },
    { "kota": "SUMBEREJO" },
    { "kota": "BALEN" },
    { "kota": "SUKOSEWU" },
    { "kota": "KAPAS" },
    { "kota": "BOJONEGORO" },
    { "kota": "TRUCUK" },
    { "kota": "DANDER" },
    { "kota": "NGASEM" },
    { "kota": "GAYAM" },
    { "kota": "KALITIDU" },
    { "kota": "MALO" },
    { "kota": "PURWOSARI" },
    { "kota": "PADANGAN" },
    { "kota": "KASIMAN" },
    { "kota": "KEDEWAN" },
    { "kota": "KENDURUAN" },
    { "kota": "BANGILAN" },
    { "kota": "SENORI" },
    { "kota": "SINGGAHAN" },
    { "kota": "MONTONG" },
    { "kota": "PARENGAN" },
    { "kota": "SOKO" },
    { "kota": "RENGEL" },
    { "kota": "GRABAGAN" },
    { "kota": "PLUMPANG" },
    { "kota": "WIDANG" },
    { "kota": "PALANG" },
    { "kota": "SEMANDING" },
    { "kota": "TUBAN" },
    { "kota": "JENU" },
    { "kota": "MERAKURAK" },
    { "kota": "KEREK" },
    { "kota": "TAMBAKBOYO" },
    { "kota": "JATIROGO" },
    { "kota": "BANCAR" },
    { "kota": "SUKORAME" },
    { "kota": "BLULUK" },
    { "kota": "NGIMBANG" },
    { "kota": "SAMBENG" },
    { "kota": "MANTUP" },
    { "kota": "KEMBANGBAHU" },
    { "kota": "SUGIO" },
    { "kota": "KEDUNGPRING" },
    { "kota": "MODO" },
    { "kota": "BABAT" },
    { "kota": "PUCUK" },
    { "kota": "SUKODADI" },
    { "kota": "LAMONGAN" },
    { "kota": "TIKUNG" },
    { "kota": "SARIREJO" },
    { "kota": "DEKET" },
    { "kota": "GLAGAH" },
    { "kota": "KARANGBINANGUN" },
    { "kota": "TURI" },
    { "kota": "KALITENGAH" },
    { "kota": "KARANG GENENG" },
    { "kota": "SEKARAN" },
    { "kota": "MADURAN" },
    { "kota": "LAREN" },
    { "kota": "SOLOKURO" },
    { "kota": "PACIRAN" },
    { "kota": "BRONDONG" },
    { "kota": "WRINGINANOM" },
    { "kota": "DRIYOREJO" },
    { "kota": "KEDAMEAN" },
    { "kota": "MENGANTI" },
    { "kota": "CERME" },
    { "kota": "BENJENG" },
    { "kota": "BALONGPANGGANG" },
    { "kota": "DUDUKSAMPEYAN" },
    { "kota": "KEBOMAS" },
    { "kota": "GRESIK" },
    { "kota": "MANYAR" },
    { "kota": "BUNGAH" },
    { "kota": "SIDAYU" },
    { "kota": "DUKUN" },
    { "kota": "PANCENG" },
    { "kota": "UJUNGPANGKAH" },
    { "kota": "SANGKAPURA" },
    { "kota": "TAMBAK" },
    { "kota": "KAMAL" },
    { "kota": "LABANG" },
    { "kota": "KWANYAR" },
    { "kota": "MODUNG" },
    { "kota": "BLEGA" },
    { "kota": "KONANG" },
    { "kota": "GALIS" },
    { "kota": "TANAH MERAH" },
    { "kota": "TRAGAH" },
    { "kota": "SOCAH" },
    { "kota": "BANGKALAN" },
    { "kota": "BURNEH" },
    { "kota": "AROSBAYA" },
    { "kota": "GEGER" },
    { "kota": "KOKOP" },
    { "kota": "TANJUNGBUMI" },
    { "kota": "SEPULU" },
    { "kota": "KLAMPIS" },
    { "kota": "SRESEH" },
    { "kota": "TORJUN" },
    { "kota": "PANGARENGAN" },
    { "kota": "SAMPANG" },
    { "kota": "CAMPLONG" },
    { "kota": "OMBEN" },
    { "kota": "KEDUNGDUNG" },
    { "kota": "JRENGIK" },
    { "kota": "TAMBELANGAN" },
    { "kota": "BANYUATES" },
    { "kota": "ROBATAL" },
    { "kota": "KARANG PENANG" },
    { "kota": "KETAPANG" },
    { "kota": "SOKOBANAH" },
    { "kota": "TLANAKAN" },
    { "kota": "PADEMAWU" },
    { "kota": "GALIS" },
    { "kota": "LARANGAN" },
    { "kota": "PAMEKASAN" },
    { "kota": "PROPPO" },
    { "kota": "PALENGAAN" },
    { "kota": "PEGANTENAN" },
    { "kota": "KADUR" },
    { "kota": "PAKONG" },
    { "kota": "WARU" },
    { "kota": "BATU MARMAR" },
    { "kota": "PASEAN" },
    { "kota": "PRAGAAN" },
    { "kota": "BLUTO" },
    { "kota": "SARONGGI" },
    { "kota": "GILIGENTENG" },
    { "kota": "TALANGO" },
    { "kota": "KALIANGET" },
    { "kota": "KOTA SUMENEP" },
    { "kota": "BATUAN" },
    { "kota": "LENTENG" },
    { "kota": "GANDING" },
    { "kota": "GULUK GULUK" },
    { "kota": "PASONGSONGAN" },
    { "kota": "AMBUNTEN" },
    { "kota": "RUBARU" },
    { "kota": "DASUK" },
    { "kota": "MANDING" },
    { "kota": "BATUPUTIH" },
    { "kota": "GAPURA" },
    { "kota": "BATANG BATANG" },
    { "kota": "DUNGKEK" },
    { "kota": "NONGGUNONG" },
    { "kota": "GAYAM" },
    { "kota": "RAAS" },
    { "kota": "SAPEKEN" },
    { "kota": "ARJASA" },
    { "kota": "KANGAYAN" },
    { "kota": "MASALEMBU" },
    { "kota": "MOJOROTO" },
    { "kota": "KOTA KEDIRI" },
    { "kota": "PESANTREN" },
    { "kota": "SUKOREJO" },
    { "kota": "KEPANJENKIDUL" },
    { "kota": "SANANWETAN" },
    { "kota": "KEDUNGKANDANG" },
    { "kota": "SUKUN" },
    { "kota": "KLOJEN" },
    { "kota": "BLIMBING" },
    { "kota": "LOWOKWARU" },
    { "kota": "KADEMANGAN" },
    { "kota": "KEDOPOK" },
    { "kota": "WONOASIH" },
    { "kota": "MAYANGAN" },
    { "kota": "KANIGARAN" },
    { "kota": "GADINGREJO" },
    { "kota": "PURWOREJO" },
    { "kota": "BUGULKIDUL" },
    { "kota": "PANGGUNGREJO" },
    { "kota": "PRAJURIT KULON" },
    { "kota": "MAGERSARI" },
    { "kota": "KRANGGAN" },
    { "kota": "MANGU HARJO" },
    { "kota": "TAMAN" },
    { "kota": "KARTOHARJO" },
    { "kota": "KARANG PILANG" },
    { "kota": "JAMBANGAN" },
    { "kota": "GAYUNGAN" },
    { "kota": "WONOCOLO" },
    { "kota": "TENGGILIS MEJOYO" },
    { "kota": "GUNUNG ANYAR" },
    { "kota": "RUNGKUT" },
    { "kota": "SUKOLILO" },
    { "kota": "MULYOREJO" },
    { "kota": "GUBENG" },
    { "kota": "WONOKROMO" },
    { "kota": "DUKUH PAKIS" },
    { "kota": "WIYUNG" },
    { "kota": "LAKARSANTRI" },
    { "kota": "SAMBIKEREP" },
    { "kota": "TANDES" },
    { "kota": "SUKO MANUNGGAL" },
    { "kota": "SAWAHAN" },
    { "kota": "TEGALSARI" },
    { "kota": "GENTENG" },
    { "kota": "TAMBAKSARI" },
    { "kota": "KENJERAN" },
    { "kota": "BULAK" },
    { "kota": "SIMOKERTO" },
    { "kota": "SEMAMPIR" },
    { "kota": "PABEAN CANTIAN" },
    { "kota": "BUBUTAN" },
    { "kota": "KREMBANGAN" },
    { "kota": "ASEMROWO" },
    { "kota": "BENOWO" },
    { "kota": "PAKAL" },
    { "kota": "BATU" },
    { "kota": "JUNREJO" },
    { "kota": "BUMIAJI" }
]
